City_ID,City,Country,Lat,Lng,Max Temp,Humidity,Cloudiness,Wind Speed,Current Description
0,Atuona,PF,-9.8,-139.0333,80.13,74,85,15.46,overcast clouds
1,Bambous Virieux,MU,-20.3428,57.7575,75.2,94,75,11.5,light rain
2,Cape Town,ZA,-33.9258,18.4232,63.0,88,75,12.66,broken clouds
3,Deputatskiy,RU,69.3,139.9,25.63,85,67,4.7,broken clouds
4,Longyearbyen,SJ,78.2186,15.6401,14.0,67,20,3.44,few clouds
5,Punta Arenas,CL,-53.15,-70.9167,48.2,87,75,3.44,light rain
6,Iqaluit,CA,63.7506,-68.5145,33.8,86,90,3.15,overcast clouds
7,Sungaipenuh,ID,-2.0833,101.3833,68.81,89,100,1.68,overcast clouds
8,Kaseda,JP,31.4167,130.3167,62.6,42,0,9.22,clear sky
9,Brokopondo,SR,4.75,-55.1667,76.06,92,100,7.61,overcast clouds
10,Mataura,NZ,-46.1927,168.8643,46.0,89,100,14.0,overcast clouds
11,Sitka,US,57.0531,-135.33,57.2,44,1,3.44,clear sky
12,Lebu,CL,-37.6167,-73.65,54.99,92,30,9.46,scattered clouds
13,Albany,US,42.6001,-73.9662,51.8,53,20,20.71,few clouds
14,Fortuna,US,40.5982,-124.1573,54.0,81,75,10.36,broken clouds
15,Emerald,AU,-23.5333,148.1667,75.99,35,0,9.22,clear sky
16,Jamestown,US,42.097,-79.2353,39.0,69,75,10.36,broken clouds
17,Souillac,MU,-20.5167,57.5167,75.2,94,75,11.5,light rain
18,Pyay,MM,18.8167,95.2167,84.11,64,53,5.61,broken clouds
19,Maxixe,MZ,-23.8597,35.3472,67.89,93,0,4.32,clear sky
20,Busselton,AU,-33.65,115.3333,64.0,94,99,4.36,overcast clouds
21,Tasiilaq,GL,65.6145,-37.6368,39.2,60,90,13.8,overcast clouds
22,Saint George,US,37.1041,-113.5841,77.0,15,1,25.32,clear sky
23,Provideniya,RU,64.3833,-173.3,41.0,60,0,4.47,clear sky
24,Kununurra,AU,-15.7667,128.7333,87.8,33,100,14.97,overcast clouds
25,Avera,US,33.194,-82.5271,68.0,83,90,5.88,overcast clouds
26,Winnemucca,US,40.973,-117.7357,46.4,66,90,12.66,overcast clouds
27,Pevek,RU,69.7008,170.3133,23.61,88,99,7.47,overcast clouds
28,Port Alfred,ZA,-33.5906,26.891,70.59,51,73,12.35,broken clouds
29,Cabo San Lucas,MX,22.8909,-109.9124,79.0,29,90,11.5,overcast clouds
30,Thinadhoo,MV,0.5333,72.9333,82.2,64,75,4.14,broken clouds
31,Rikitea,PF,-23.1203,-134.9692,78.01,74,37,5.79,scattered clouds
32,New Norfolk,AU,-42.7826,147.0587,62.01,73,100,7.0,overcast clouds
33,Anadyr,RU,64.75,177.4833,26.6,93,90,2.24,fog
34,Puerto Ayora,EC,-0.7393,-90.3518,75.63,83,6,7.16,clear sky
35,Salalah,OM,17.0151,54.0924,80.6,74,40,3.44,scattered clouds
36,Hithadhoo,MV,-0.6,73.0833,82.42,68,39,4.38,scattered clouds
37,Tevaitoa,PF,-16.7833,-151.5,81.3,65,1,2.57,clear sky
38,Butaritari,KI,3.0707,172.7902,83.08,73,19,11.45,few clouds
39,Ushuaia,AR,-54.8,-68.3,46.4,81,90,20.71,light intensity drizzle
40,Bol,TD,13.4586,14.7147,82.54,49,100,9.24,overcast clouds
41,Lima,PE,-12.0432,-77.0282,64.4,82,75,5.75,broken clouds
42,Tete,MZ,-16.1564,33.5867,69.8,83,0,3.09,clear sky
43,Mangrol,IN,21.1167,70.1167,79.79,81,3,12.41,clear sky
44,Moquegua,PE,-17.1956,-70.9353,64.38,62,0,1.23,clear sky
45,Hohhot,CN,40.8106,111.6522,50.0,87,20,6.71,mist
46,Moron,AR,-34.6534,-58.6198,63.0,94,33,1.99,scattered clouds
47,Necochea,AR,-38.5473,-58.7368,55.99,86,79,6.08,broken clouds
48,Ribeira Grande,PT,38.5167,-28.7,59.0,72,20,11.5,few clouds
49,Kodiak,US,57.79,-152.4072,42.8,81,90,8.05,overcast clouds
50,Alice Springs,AU,-23.7,133.8833,73.99,28,0,16.11,clear sky
51,Ndjole,GA,-0.1783,10.7649,75.49,96,100,1.14,overcast clouds
52,Castro,BR,-24.7911,-50.0119,59.13,92,99,3.29,overcast clouds
53,Kismayo,SO,-0.3582,42.5454,82.26,77,100,10.74,overcast clouds
54,Xining,CN,36.6167,101.7667,40.98,69,53,5.28,broken clouds
55,Omsukchan,RU,62.5333,155.8,15.89,70,100,2.68,overcast clouds
56,Carbonia,IT,39.1672,8.5222,60.8,82,0,4.61,clear sky
57,Gat,IL,31.61,34.7642,71.6,43,0,9.22,clear sky
58,Santa Isabel Do Rio Negro,BR,-0.4139,-65.0192,75.92,96,100,2.73,overcast clouds
59,Hirara,JP,24.8,125.2833,75.2,60,20,12.66,few clouds
60,Marsabit,KE,2.3284,37.9899,67.48,68,63,10.02,broken clouds
61,Manokwari,ID,-0.8667,134.0833,81.7,76,81,6.85,broken clouds
62,Luwingu,ZM,-10.2621,29.9271,59.36,96,100,4.59,overcast clouds
63,Bethel,US,41.3712,-73.414,52.0,76,1,5.95,clear sky
64,Buala,SB,-8.145,159.5921,84.67,73,60,1.95,light rain
65,Brae,GB,60.3964,-1.353,41.0,93,100,5.75,overcast clouds
66,Qaanaaq,GL,77.484,-69.3632,27.99,68,0,7.99,clear sky
67,Clyde River,CA,70.4692,-68.5914,23.0,93,90,21.85,mist
68,Daru,PG,-9.0763,143.2092,76.1,93,100,8.86,overcast clouds
69,Bluff,NZ,-46.6,168.3333,46.0,89,100,14.0,overcast clouds
70,Craig,US,40.5153,-107.5464,64.4,14,1,17.27,clear sky
71,Mae Hong Son,TH,19.3003,97.9685,75.2,94,75,1.41,broken clouds
72,Kjollefjord,NO,70.9457,27.3465,33.08,80,100,9.73,light snow
73,Cayenne,GF,4.9333,-52.3333,81.0,83,40,6.91,scattered clouds
74,Victoria,HK,22.2855,114.1577,75.0,78,100,5.01,overcast clouds
75,Santa Rosa,PH,14.3122,121.1114,82.0,75,21,7.0,few clouds
76,Nokaneng,BW,-19.6667,22.2667,61.65,34,5,3.67,clear sky
77,Barrow,US,71.2906,-156.7887,21.2,79,1,20.71,clear sky
78,Norman Wells,CA,65.282,-126.8329,37.4,41,20,11.5,few clouds
79,Dabola,GN,10.75,-11.1167,79.52,61,52,5.19,broken clouds
80,Pacifica,US,37.6138,-122.4869,55.99,82,90,8.05,haze
81,Zhigansk,RU,66.7697,123.3711,32.58,99,100,6.85,snow
82,Tommot,RU,58.9564,126.2925,37.35,90,100,8.5,overcast clouds
83,Moranbah,AU,-22.0016,148.0466,74.3,51,6,19.08,clear sky
84,Avarua,CK,-21.2078,-159.775,82.4,74,20,10.36,few clouds
85,Bell Ville,AR,-32.6259,-62.6887,55.0,85,0,3.31,clear sky
86,West Helena,US,34.5507,-90.6418,69.8,64,0,4.85,clear sky
87,Tuatapere,NZ,-46.1333,167.6833,46.0,89,100,14.0,overcast clouds
88,Katsuura,JP,35.1333,140.3,57.0,35,0,17.27,clear sky
89,Arraial Do Cabo,BR,-22.9661,-42.0278,74.26,84,81,10.51,broken clouds
90,Broome,US,42.2506,-75.833,45.0,70,40,13.8,scattered clouds
91,Haines Junction,CA,60.7522,-137.5108,57.2,21,0,5.75,clear sky
92,Coahuayana,MX,18.7333,-103.6833,78.8,50,40,11.5,scattered clouds
93,Mar Del Plata,AR,-38.0023,-57.5575,61.0,88,20,3.44,few clouds
94,Ineu,RO,46.4333,21.85,42.01,87,19,8.05,few clouds
95,Nome,US,64.5011,-165.4064,46.4,61,1,4.68,clear sky
96,El Tigre,VE,8.8875,-64.2454,80.83,59,100,13.67,overcast clouds
97,Yulara,AU,-25.2406,130.9889,71.6,28,0,18.41,clear sky
98,Shimanovsk,RU,52.0,127.7,53.94,29,100,10.98,overcast clouds
99,Road Town,VG,18.4167,-64.6167,80.6,78,40,10.36,scattered clouds
100,Kutum,SD,14.2,24.6667,76.17,15,41,11.07,scattered clouds
101,Pochutla,MX,15.7432,-96.4661,84.2,65,90,9.22,overcast clouds
102,Hilo,US,19.7297,-155.09,75.2,73,90,11.5,moderate rain
103,Hartford,US,41.7668,-72.7662,53.01,71,1,4.59,clear sky
104,Nelson Bay,AU,-32.7167,152.15,68.0,73,75,4.61,broken clouds
105,Ponta Do Sol,PT,32.6667,-17.1,57.99,86,55,1.99,broken clouds
106,Acapulco,MX,16.8634,-99.8901,82.4,78,90,5.75,overcast clouds
107,Marsa Matruh,EG,31.3525,27.2453,62.6,82,40,16.11,scattered clouds
108,Ostrovnoy,RU,68.0531,39.5131,31.96,98,100,20.58,snow
109,Mutsu,JP,41.2894,141.2169,48.2,34,20,9.22,few clouds
110,Miles City,US,46.4083,-105.8406,55.4,47,90,12.66,overcast clouds
111,The Valley,AI,18.217,-63.0578,80.6,74,40,10.36,scattered clouds
112,Riyadh,SA,24.6877,46.7219,80.6,14,0,1.14,clear sky
113,Turukhansk,RU,65.8167,87.9833,14.7,81,50,4.52,scattered clouds
114,Kaitangata,NZ,-46.2817,169.8464,48.15,89,100,14.47,overcast clouds
115,Asau,RO,46.4333,26.4,42.01,61,32,1.72,scattered clouds
116,Dikson,RU,73.5069,80.5464,17.1,93,100,15.19,light snow
117,Praia Da Vitoria,PT,38.7333,-27.0667,59.0,88,75,11.48,broken clouds
118,East London,ZA,-33.0153,27.9116,67.75,52,100,8.99,overcast clouds
119,Vaini,TO,-21.2,-175.2,82.4,78,75,6.91,broken clouds
120,Zdvinsk,RU,54.7021,78.661,43.27,56,100,10.6,overcast clouds
121,Thompson,CA,55.7435,-97.8558,32.0,93,90,7.23,light snow
122,Upernavik,GL,72.7868,-56.1549,31.35,76,100,2.71,overcast clouds
123,Muros,ES,42.7762,-9.0603,57.0,94,10,1.99,clear sky
124,Obihiro,JP,42.9172,143.2044,41.0,36,20,10.36,few clouds
125,Broken Hill,AU,-31.95,141.4333,68.0,42,0,3.44,clear sky
126,Makinsk,KZ,52.6292,70.4169,44.29,84,100,10.42,overcast clouds
127,Mandera,KE,3.9366,41.867,79.23,71,57,5.97,light rain
128,Oktyabrskoye,RU,43.0645,44.7417,48.2,93,76,4.47,broken clouds
129,Ahuimanu,US,21.4447,-157.8378,82.4,61,75,14.97,broken clouds
130,Tual,ID,-5.6667,132.75,83.23,68,91,7.36,overcast clouds
131,Port Elizabeth,ZA,-33.918,25.5701,57.2,88,0,5.75,clear sky
132,Brazzaville,CG,-4.2658,15.2832,77.0,83,20,2.3,light rain
133,Hermanus,ZA,-34.4187,19.2345,60.01,92,2,1.01,clear sky
134,Puri,IN,19.8,85.85,86.0,94,20,10.36,haze
135,San Andres,CO,12.5847,-81.7006,82.4,78,40,9.22,scattered clouds
136,Chapais,CA,49.7834,-74.8492,28.4,86,90,11.5,light snow
137,Saint-Philippe,RE,-21.3585,55.7679,77.0,69,90,13.8,light rain
138,Havre-Saint-Pierre,CA,50.2334,-63.5986,37.4,81,40,8.05,scattered clouds
139,Rocha,UY,-34.4833,-54.3333,58.37,77,62,8.16,broken clouds
140,Kroya,ID,-7.6331,109.2461,80.87,74,1,1.23,clear sky
141,Sorland,NO,67.667,12.6934,37.62,61,100,9.35,overcast clouds
142,Togur,RU,58.3631,82.8265,34.56,97,89,2.37,overcast clouds
143,Navoi,UZ,40.0844,65.3792,51.8,62,2,4.61,clear sky
144,Kabompo,ZM,-13.5927,24.2008,62.64,69,97,4.41,overcast clouds
145,Orikum,AL,40.3253,19.4714,57.18,67,10,5.97,clear sky
146,Dongkan,CN,33.9997,119.8308,59.52,70,100,6.49,overcast clouds
147,Sivaki,RU,52.6333,126.75,52.61,31,100,4.14,overcast clouds
148,Luderitz,NA,-26.6481,15.1594,61.43,91,96,3.06,overcast clouds
149,Gamba,GA,-2.65,10.0,77.81,87,54,1.57,broken clouds
150,Alta Floresta,BR,-9.8756,-56.0861,72.05,94,93,1.72,moderate rain
151,Sao Joao Da Barra,BR,-21.6403,-41.0511,74.46,89,99,4.74,overcast clouds
152,Lavrentiya,RU,65.5833,-171.0,32.56,94,95,1.57,overcast clouds
153,Najran,SA,17.4924,44.1277,75.2,43,75,1.74,broken clouds
154,Srednekolymsk,RU,67.45,153.6833,23.59,71,6,8.9,clear sky
155,Bredasdorp,ZA,-34.5322,20.0403,51.8,93,100,3.44,overcast clouds
156,Fresno,US,36.6666,-119.8343,57.99,77,90,8.05,light rain
157,Sortland,NO,68.6949,15.4162,33.01,86,90,1.9,overcast clouds
158,Husavik,IS,66.0449,-17.3389,35.6,93,90,11.5,overcast clouds
159,Kapaa,US,22.0752,-159.319,78.8,69,40,13.8,scattered clouds
160,Bengkulu,ID,-3.8004,102.2655,79.16,78,54,4.05,broken clouds
161,Airai,TL,-8.9266,125.4092,68.7,46,38,2.82,scattered clouds
162,Cranbrook,CA,49.4999,-115.7688,44.6,81,75,8.05,broken clouds
163,Le Port,RE,-20.9373,55.2919,75.2,73,0,16.11,clear sky
164,Yellowknife,CA,62.456,-114.3525,10.4,79,90,11.5,light snow
165,Kudahuvadhoo,MV,2.6708,72.8944,82.8,69,79,5.7,broken clouds
166,Mitsamiouli,KM,-11.3847,43.2844,80.47,76,100,5.26,overcast clouds
167,Krasnoselkup,RU,65.7,82.4667,21.72,86,22,6.15,few clouds
168,Erenhot,CN,43.6475,111.9767,45.3,13,13,33.64,few clouds
169,Pisco,PE,-13.7,-76.2167,64.4,88,75,3.44,broken clouds
170,Saldanha,ZA,-33.0117,17.9442,60.8,94,11,9.22,few clouds
171,Mahebourg,MU,-20.4081,57.7,75.2,94,75,11.5,light rain
172,Gerash,IR,27.6652,54.1371,62.6,25,0,1.57,clear sky
173,Lazarev,RU,52.225,141.5131,29.73,74,13,5.06,few clouds
174,Pangai,TO,-19.8,-174.35,84.2,70,40,12.66,scattered clouds
175,Te Anau,NZ,-45.4167,167.7167,49.41,84,92,9.57,light rain
176,Waverley,ZA,-25.7023,28.2591,59.0,41,0,5.17,clear sky
177,Khatanga,RU,71.9667,102.5,11.1,93,100,12.82,overcast clouds
178,Freetown,SL,8.484,-13.2299,78.39,75,91,1.34,light rain
179,Umm Lajj,SA,25.0213,37.2685,78.8,59,0,7.45,clear sky
180,Gimbi,ET,9.1667,35.8333,57.79,91,100,2.82,light rain
181,Kuhdasht,IR,33.535,47.6061,64.69,32,85,2.89,overcast clouds
182,Dese,ET,11.1333,39.6333,55.31,81,100,1.45,light rain
183,Mount Gambier,AU,-37.8333,140.7667,57.2,82,90,6.91,overcast clouds
184,Kruisfontein,ZA,-34.0033,24.7314,66.83,46,100,3.96,overcast clouds
185,Boromo,BF,11.75,-2.9333,90.39,31,84,5.1,broken clouds
186,Atagay,RU,55.1033,99.3875,35.08,94,100,10.42,light snow
187,Talnakh,RU,69.4865,88.3972,5.61,88,94,6.98,overcast clouds
188,Oranjestad,AW,12.524,-70.027,80.6,78,20,17.27,few clouds
189,Alofi,NU,-19.0595,-169.9187,84.2,70,96,5.75,overcast clouds
190,Jacqueville,CI,5.2052,-4.4146,80.6,94,20,4.61,few clouds
191,Nova Serrana,BR,-19.8761,-44.9836,64.18,50,32,3.87,scattered clouds
192,Oktyabrskiy,RU,54.4815,53.471,36.66,72,0,13.96,clear sky
193,Hobart,AU,-42.8794,147.3294,62.6,48,75,13.8,broken clouds
194,Amravati,IN,20.9333,77.75,85.42,16,50,7.74,scattered clouds
195,Leningradskiy,RU,69.3833,178.4167,28.63,83,100,1.23,overcast clouds
196,Pacific Grove,US,36.6177,-121.9166,57.2,54,90,14.97,overcast clouds
197,Georgetown,MY,5.4112,100.3354,84.2,83,20,5.75,few clouds
198,Tuktoyaktuk,CA,69.4541,-133.0374,12.2,85,90,16.11,snow
199,Puqi,CN,29.7167,113.8833,58.93,89,100,3.53,overcast clouds
200,Saint Anthony,US,45.0205,-93.218,43.0,52,90,9.22,overcast clouds
201,Kieta,PG,-6.2167,155.6333,86.14,63,37,6.13,scattered clouds
202,Flinders,AU,-34.5833,150.8552,71.01,60,0,1.99,clear sky
203,Guerrero Negro,MX,27.9769,-114.0611,61.59,75,100,16.33,overcast clouds
204,Severomorsk,RU,69.0689,33.4162,30.2,93,75,4.47,broken clouds
205,Sakakah,SA,29.9697,40.2064,75.2,23,0,11.5,clear sky
206,Buraydah,SA,26.326,43.975,77.0,47,20,6.91,few clouds
207,Genhe,CN,50.7833,121.5167,56.77,24,100,8.34,overcast clouds
208,High Level,CA,58.5169,-117.136,42.8,42,75,6.91,broken clouds
209,Talara,PE,-4.5772,-81.2719,69.39,83,16,13.33,few clouds
210,Batemans Bay,AU,-35.7167,150.1833,64.99,50,0,2.95,clear sky
211,Goderich,CA,43.7501,-81.7165,33.8,69,3,12.66,clear sky
212,Lethem,GY,3.3803,-59.7968,77.56,84,95,8.43,overcast clouds
213,Leshukonskoye,RU,64.8989,45.7622,39.47,94,100,5.23,overcast clouds
214,Funza,CO,4.7164,-74.212,59.0,88,75,2.3,light intensity drizzle
215,Neiafu,TO,-18.65,-173.9833,84.2,74,75,6.91,broken clouds
216,Parian Dakula,PH,5.5567,120.7719,82.44,69,10,1.39,clear sky
217,Sobolevo,RU,54.4299,31.8996,29.16,84,12,6.24,few clouds
218,Mikun,RU,62.3547,50.0771,37.04,96,100,5.75,overcast clouds
219,Caravelas,BR,-17.7125,-39.2481,76.01,82,4,6.98,clear sky
220,Nabire,ID,-3.3667,135.4833,83.37,70,89,2.01,overcast clouds
221,Hamilton,US,39.1834,-84.5333,52.0,66,1,3.98,clear sky
222,Saint-Leu,RE,-21.15,55.2833,77.0,69,90,13.8,overcast clouds
223,Gizo,SB,-8.103,156.8419,84.97,66,17,2.77,few clouds
224,Timmins,CA,48.4669,-81.3331,28.4,54,20,6.91,few clouds
225,Lorengau,PG,-2.0226,147.2712,85.41,65,72,3.2,broken clouds
226,Petauke,ZM,-14.2426,31.3253,63.05,83,97,4.23,overcast clouds
227,Tahta,EG,26.7693,31.5021,82.4,18,0,12.66,clear sky
228,Dukat,RU,62.55,155.55,13.71,71,100,3.33,overcast clouds
229,Abu Dhabi,AE,24.4667,54.3667,82.4,53,0,5.19,clear sky
230,Suntar,RU,62.1444,117.6319,33.78,98,100,4.9,snow
231,Zhuzhou,CN,27.8333,113.15,60.8,94,75,6.71,moderate rain
232,Katangli,RU,51.7102,143.2326,31.89,53,22,4.43,few clouds
233,Matara,LK,5.9485,80.5353,76.91,88,100,3.27,overcast clouds
234,Cidreira,BR,-30.1811,-50.2056,67.3,63,100,11.63,overcast clouds
235,Huaicheng,CN,23.9051,112.1931,68.11,82,100,2.17,overcast clouds
236,Terrace,CA,54.5163,-128.6035,60.8,17,20,3.44,few clouds
237,Taldan,RU,53.6667,124.8,52.93,44,100,5.03,overcast clouds
238,Araouane,ML,18.9048,-3.5265,88.29,14,4,5.79,clear sky
239,Roma,US,43.2128,-75.4557,43.0,56,20,20.71,few clouds
240,Aklavik,CA,68.2191,-135.0107,17.6,73,100,8.05,overcast clouds
241,Krasnyy Chikoy,RU,50.3643,108.7512,33.22,92,100,13.73,snow
242,Neijiang,CN,29.5835,105.0622,61.32,80,97,4.18,overcast clouds
243,Porterville,US,36.0652,-119.0168,60.8,59,90,14.97,light rain
244,Nouadhibou,MR,20.931,-17.0347,64.4,88,0,16.11,clear sky
245,Geraldton,AU,-28.7667,114.6,78.8,29,0,13.8,clear sky
246,Diamantino,BR,-14.4086,-56.4461,70.77,97,99,4.68,overcast clouds
247,Rio Gallegos,AR,-51.6226,-69.2181,55.4,47,0,11.5,clear sky
248,Mogwase,ZA,-25.185,27.2665,55.74,17,4,3.06,clear sky
249,Port Moresby,PG,-9.4431,147.1797,83.23,71,92,8.95,overcast clouds
250,Quang Ngai,VN,15.1167,108.8,85.26,65,99,6.55,overcast clouds
251,Shumskiy,RU,54.8318,99.1328,37.51,77,100,10.98,overcast clouds
252,Gbarnga,LR,6.9956,-9.4722,71.44,97,100,2.59,overcast clouds
253,Cherskiy,RU,68.75,161.3,19.17,79,87,6.17,overcast clouds
254,Kayes,ML,14.0,-11.0,94.14,14,77,12.17,broken clouds
255,Margate,GB,51.3813,1.3862,43.0,68,10,7.0,clear sky
256,Nara,JP,34.6851,135.8049,60.8,39,20,8.05,few clouds
257,Isangel,VU,-19.55,169.2667,82.4,78,75,9.22,broken clouds
258,Northam,GB,51.0333,-4.2167,44.01,78,29,11.01,scattered clouds
259,Nikolskoye,RU,59.7035,30.7861,37.99,87,75,8.95,broken clouds
260,Sassandra,CI,4.95,-6.0833,76.12,89,100,4.74,overcast clouds
261,Porto Velho,BR,-8.7619,-63.9039,75.2,94,40,3.91,light rain
262,Saskylakh,RU,71.9167,114.0833,14.65,93,100,23.4,light snow
263,Snezhnogorsk,RU,69.1933,33.2531,30.2,93,75,4.47,broken clouds
264,Seoul,KR,37.5683,126.9778,62.6,27,40,10.36,scattered clouds
265,Beringovskiy,RU,63.05,179.3167,31.73,90,72,1.43,broken clouds
266,Kavaratti,IN,10.5669,72.642,83.7,73,35,6.08,scattered clouds
267,Tigil,RU,57.8,158.6667,31.08,88,100,3.36,overcast clouds
268,Chumikan,RU,54.7183,135.315,39.61,70,91,8.37,overcast clouds
269,Alto Araguaia,BR,-17.3147,-53.2153,68.76,62,100,6.76,overcast clouds
270,Tautira,PF,-17.7333,-149.15,86.0,66,20,5.75,light rain
271,Polunochnoye,RU,60.8697,60.4153,35.31,94,33,5.97,scattered clouds
272,Itupiranga,BR,-5.1347,-49.3267,74.68,94,64,2.1,broken clouds
273,Yokadouma,CM,3.5167,15.05,69.87,87,14,1.83,few clouds
274,Ikom,NG,5.9667,8.7063,74.1,97,100,0.63,moderate rain
275,Antofagasta,CL,-23.65,-70.4,60.8,82,0,4.61,clear sky
276,Nan,TH,18.8333,100.6667,73.4,94,40,3.44,scattered clouds
277,Piacabucu,BR,-10.4056,-36.4344,77.76,82,16,6.17,few clouds
278,Waipawa,NZ,-41.4122,175.5153,62.6,45,42,16.11,scattered clouds
279,Innisfail,AU,-17.5333,146.0333,74.66,93,100,11.95,overcast clouds
280,Hun,LY,29.1268,15.9477,60.94,65,1,7.52,clear sky
281,Marawi,PH,7.9986,124.2928,82.0,81,98,3.0,overcast clouds
282,Hay River,CA,60.8156,-115.7999,26.6,80,100,8.05,light snow
283,Ilulissat,GL,69.2167,-51.1,48.2,43,75,19.57,broken clouds
284,Maumere,ID,-8.6199,122.2111,83.05,64,58,5.28,broken clouds
285,Redcliffe,AU,-27.2307,153.0973,75.0,60,40,10.36,scattered clouds
286,Port Lincoln,AU,-34.7333,135.8667,64.67,66,1,7.99,clear sky
287,Half Moon Bay,US,37.4636,-122.4286,57.2,82,90,8.05,haze
288,Mount Isa,AU,-20.7333,139.5,82.4,42,100,14.97,overcast clouds
289,Severo-Kurilsk,RU,50.6789,156.125,32.54,97,100,13.02,snow
290,Mae Sai,TH,20.4335,99.8762,73.4,94,40,5.75,scattered clouds
291,Namatanai,PG,-3.6667,152.4333,83.86,68,100,3.42,overcast clouds
292,Hobyo,SO,5.3505,48.5268,83.16,64,67,9.08,broken clouds
293,Lagoa,PT,39.05,-27.9833,59.14,84,100,11.21,overcast clouds
294,Andenes,NO,69.3143,16.1194,33.8,86,90,4.61,light snow
295,Joacaba,BR,-27.1781,-51.5047,60.04,97,98,2.68,overcast clouds
296,Sambava,MG,-14.2667,50.1667,73.22,88,99,8.16,overcast clouds
297,Tiksi,RU,71.6872,128.8694,28.2,95,100,7.31,light snow
298,Walvis Bay,NA,-22.9575,14.5053,61.0,94,72,1.14,broken clouds
299,Semypolky,UA,50.7167,30.9333,41.0,81,75,11.18,broken clouds
300,Codrington,AU,-38.2667,141.9667,61.41,63,100,8.23,overcast clouds
301,Along,IN,28.1667,94.7667,74.35,44,18,1.5,few clouds
302,Usinsk,RU,65.9939,57.5281,37.35,90,100,4.85,overcast clouds
303,Namwala,ZM,-15.7504,26.4384,61.3,91,67,3.36,light rain
304,Coquimbo,CL,-29.9533,-71.3436,55.4,88,0,3.44,clear sky
305,Charlestown,AU,-32.95,151.6667,69.01,70,2,3.71,clear sky
306,Meulaboh,ID,4.1363,96.1285,79.09,79,100,2.91,overcast clouds
307,Montceau-Les-Mines,FR,46.6667,4.3667,55.4,50,0,2.3,clear sky
308,Sibu,MY,2.3,111.8167,82.4,78,20,5.75,few clouds
309,Brigham City,US,41.5102,-112.0155,51.8,54,90,14.97,overcast clouds
310,Birjand,IR,32.8663,59.2211,66.2,15,0,11.5,clear sky
311,Ahmadpur East,PK,29.1431,71.2598,83.14,14,0,6.98,clear sky
312,Carnarvon,AU,-24.8667,113.6333,78.8,31,0,6.91,clear sky
313,Chuy,UY,-33.6971,-53.4616,58.86,84,7,9.01,clear sky
314,Klaksvik,FO,62.2266,-6.589,44.6,87,100,17.27,overcast clouds
315,Mbarara,UG,-0.608,30.65,61.5,88,100,2.44,overcast clouds
316,Mastung,PK,29.7994,66.845,63.79,17,0,3.13,clear sky
317,Windhoek,NA,-22.5594,17.0832,59.0,47,5,4.61,clear sky
318,Portland,US,45.5234,-122.6762,57.99,58,75,10.36,broken clouds
319,Chokurdakh,RU,70.6333,147.9167,26.33,94,100,14.09,light snow
320,Hualmay,PE,-11.0964,-77.6139,66.96,84,23,8.9,few clouds
321,Pathein,MM,16.7833,94.7333,83.3,67,89,6.06,overcast clouds
322,Zykovo,RU,55.9519,93.1461,42.8,36,0,11.18,clear sky
323,Coihaique,CL,-45.5752,-72.0662,55.4,58,75,8.05,broken clouds
324,Kropotkin,RU,45.4375,40.5756,48.0,82,100,10.16,light rain
325,Shahr-E Kord,IR,32.3256,50.8644,41.0,65,40,2.3,scattered clouds
326,Hami,CN,42.8,93.45,44.64,14,86,5.08,overcast clouds
327,Turbo,CO,8.0937,-76.7269,79.56,87,100,9.06,overcast clouds
328,Forbes,AU,-33.3833,148.0167,62.98,46,0,5.79,clear sky
329,Qaqortoq,GL,60.7167,-46.0333,50.0,32,75,33.38,light rain
330,Susehri,TR,40.1644,38.0867,55.35,82,100,4.65,overcast clouds
331,Camalu,MX,30.85,-116.0667,59.0,52,7,8.99,clear sky
332,Jiangyou,CN,31.7667,104.7167,61.45,78,100,1.52,overcast clouds
333,Nanyamba,TZ,-10.6833,39.8333,73.4,94,90,9.22,overcast clouds
334,Inhambane,MZ,-23.865,35.3833,68.72,92,0,4.88,clear sky
335,Saint Paul,US,44.9444,-93.0933,42.8,56,90,10.36,overcast clouds
336,Lasa,IT,46.6166,10.7002,48.0,75,0,3.44,clear sky
337,Bubaque,GW,11.2833,-15.8333,77.81,69,73,18.01,broken clouds
338,Pa Sang,TH,18.5262,98.9394,78.01,78,20,3.44,few clouds
339,Tangshan,CN,39.6333,118.1833,60.67,22,100,4.59,light rain
340,Inongo,CD,-1.95,18.2667,71.74,96,100,5.95,overcast clouds
341,Adrar,MR,20.5022,-10.0711,81.37,21,44,8.81,scattered clouds
342,Hemsedal,NO,60.8629,8.5534,6.01,88,13,5.5,few clouds
343,Kasongo-Lunda,CD,-6.4667,16.8167,70.3,96,44,0.18,light rain
344,Celestun,MX,20.8667,-90.4,80.1,75,3,13.02,clear sky
345,Yangambi,CD,0.8102,24.4336,69.04,99,100,2.95,overcast clouds
346,Port Keats,AU,-14.25,129.55,85.59,41,100,6.82,overcast clouds
347,Vanimo,PG,-2.6741,141.3028,81.41,70,100,1.36,overcast clouds
348,Alyangula,AU,-13.8483,136.4192,77.0,100,75,6.91,light rain
349,Hasaki,JP,35.7333,140.8333,59.0,28,20,16.11,few clouds
350,Nago,JP,26.5881,127.9761,75.2,60,20,11.5,few clouds
351,Atherton,GB,53.5237,-2.4935,43.0,79,15,3.0,few clouds
352,Ewa Beach,US,21.3156,-158.0072,82.4,54,90,10.36,overcast clouds
353,Lisakovsk,KZ,52.5369,62.4936,43.05,77,91,8.16,overcast clouds
354,Lompoc,US,34.6391,-120.4579,55.4,82,100,9.22,overcast clouds
355,Cervo,ES,43.6702,-7.4101,48.0,100,93,1.01,overcast clouds
356,Albufeira,PT,37.0882,-8.2503,64.4,88,20,8.05,few clouds
357,Mokrousovo,RU,55.8103,66.7653,42.17,92,4,6.17,clear sky
358,Nuuk,GL,64.1835,-51.7216,41.0,75,90,2.3,light rain
359,Beian,NO,63.6559,9.5683,35.6,87,75,3.44,broken clouds
360,Pulandian,CN,39.3953,121.9669,60.8,41,0,8.95,clear sky
361,Shelton,US,41.3165,-73.0932,55.4,67,1,5.59,clear sky
362,Morondava,MG,-20.2833,44.2833,74.5,77,100,5.61,overcast clouds
363,Padang,ID,-0.9492,100.3543,80.6,78,96,2.13,overcast clouds
364,Mbini,GQ,1.574,9.6134,79.59,84,96,5.79,overcast clouds
365,Kirakira,SB,-10.4544,161.9205,84.27,75,78,1.05,broken clouds
366,Ukholovo,RU,53.7929,40.4892,34.0,75,2,9.89,clear sky
367,Dingle,PH,10.9995,122.6711,85.23,64,79,4.36,light rain
368,Safranbolu,TR,41.2508,32.6942,49.59,97,100,2.26,overcast clouds
369,Constitucion,CL,-35.3333,-72.4167,56.97,81,0,10.16,clear sky
370,Ubrique,ES,36.6778,-5.446,57.0,90,18,1.01,few clouds
371,Kedrovoye,RU,57.1576,60.5698,33.8,86,0,4.47,clear sky
372,Vardo,NO,70.3705,31.1107,31.53,68,28,6.13,scattered clouds
373,Aswan,EG,24.0934,32.907,84.06,13,0,12.91,clear sky
374,Papara,BR,-3.9839,-38.7273,82.0,89,0,2.3,clear sky
375,Ankpa,NG,7.3706,7.6253,73.87,86,100,4.0,overcast clouds
376,San Jose,US,37.3394,-121.895,57.2,58,90,13.8,overcast clouds
377,Rodrigues Alves,BR,-7.738,-72.6509,73.22,98,100,3.2,overcast clouds
378,Kahului,US,20.8947,-156.47,78.8,65,40,26.46,scattered clouds
379,Puquio,PE,-14.7,-74.1333,47.59,74,1,0.92,clear sky
380,Kerman,IR,30.2832,57.0788,53.6,47,40,2.73,scattered clouds
381,Bongandanga,CD,1.5,21.05,69.76,98,100,3.29,light rain
382,Dongsheng,CN,39.8161,109.9776,46.24,18,0,21.65,clear sky
383,Port Macquarie,AU,-31.4333,152.9167,73.0,54,0,1.99,clear sky
384,Mimongo,GA,-1.6195,11.6068,69.26,95,55,0.81,broken clouds
385,Aykhal,RU,66.0,111.5,6.66,92,100,29.08,overcast clouds
386,Ambilobe,MG,-13.2,49.05,70.61,87,92,3.29,overcast clouds
387,Taybad,IR,34.74,60.7756,66.83,22,32,8.99,scattered clouds
388,Belmonte,BR,-15.8631,-38.8828,77.0,83,20,3.44,few clouds
389,Santa Maria,BR,-29.6842,-53.8069,59.0,82,0,3.44,clear sky
390,Naliya,IN,23.2667,68.8333,78.42,76,0,6.08,clear sky
391,Molo,KE,-0.2479,35.7374,50.27,95,92,1.77,overcast clouds
392,Harper,LR,4.375,-7.7169,76.68,86,100,3.15,overcast clouds
393,Urumqi,CN,43.801,87.6005,44.6,33,0,2.24,clear sky
394,Yoichi,JP,43.2039,140.7703,45.0,42,20,16.11,few clouds
395,Porto Walter,BR,-8.2686,-72.7439,73.2,98,100,3.2,overcast clouds
396,Hofn,IS,64.2539,-15.2082,43.52,75,14,17.52,few clouds
397,Gbadolite,CD,4.2833,21.0167,71.06,93,100,4.07,overcast clouds
398,Ahipara,NZ,-35.1667,173.1667,63.61,69,30,9.1,scattered clouds
399,Pryyutivka,UA,48.7209,33.0708,41.58,83,61,7.72,broken clouds
400,Sola,VU,-13.8833,167.55,87.8,74,40,5.75,scattered clouds
401,Jutai,BR,-5.1833,-68.9,72.75,98,100,1.05,overcast clouds
402,Cockburn Town,TC,21.4612,-71.1419,78.8,73,40,11.5,scattered clouds
403,Nha Trang,VN,12.25,109.1833,86.0,66,20,3.44,few clouds
404,Miandrivazo,MG,-19.5167,45.4667,74.91,80,100,2.84,overcast clouds
405,Namibe,AO,-15.1961,12.1522,76.05,68,0,10.31,clear sky
406,Tura,IN,25.5198,90.2201,82.33,27,3,4.72,clear sky
407,Vila,PT,42.0304,-8.1588,52.0,94,29,2.53,scattered clouds
408,Anzio,IT,41.4853,12.6179,54.0,87,40,5.97,scattered clouds
409,Richards Bay,ZA,-28.783,32.0377,64.62,92,4,3.85,clear sky
410,Salinopolis,BR,-0.6136,-47.3561,78.98,84,65,8.39,broken clouds
411,Ormara,PK,25.2088,64.6357,80.96,69,5,3.47,clear sky
412,Lumberton,US,34.6182,-79.0086,64.4,63,90,9.13,overcast clouds
413,Oxford,GB,51.7522,-1.256,39.0,81,6,6.91,clear sky
414,Sahbuz,AZ,39.4072,45.5739,60.8,67,75,6.91,broken clouds
415,Chimore,BO,-16.9833,-65.1333,65.89,98,63,0.98,broken clouds
416,Port Hedland,AU,-20.3167,118.5667,84.2,18,0,17.27,clear sky
417,Oistins,BB,13.0667,-59.5333,78.8,65,40,14.97,scattered clouds
418,Lata,PT,40.1629,-8.3327,57.99,88,20,5.75,few clouds
419,The Pas,CA,53.8251,-101.2541,44.6,36,90,3.44,overcast clouds
420,Sioux Lookout,CA,50.1001,-91.917,42.8,31,75,3.44,broken clouds
421,Narsaq,GL,60.9167,-46.05,50.0,32,75,33.38,broken clouds
422,Hassleholm,SE,56.1591,13.7664,35.01,64,90,8.05,overcast clouds
423,Atambua,ID,-9.1061,124.8925,78.98,52,2,3.78,clear sky
424,Zhanaozen,KZ,43.3,52.8,61.72,39,6,6.4,clear sky
425,Toronto,CA,43.7001,-79.4163,37.99,56,12,12.71,few clouds
426,Manuk Mangkaw,PH,4.8,119.85,82.51,73,13,4.45,few clouds
427,Faanui,PF,-16.4833,-151.75,81.16,64,2,1.36,clear sky
428,Severnoye,RU,56.3491,78.3619,41.14,70,100,8.81,overcast clouds
429,Okaihau,NZ,-35.3167,173.7833,64.99,75,20,1.01,few clouds
430,Atar,MR,20.5169,-13.0499,77.36,21,0,3.49,clear sky
431,Tadine,NC,-21.55,167.8833,75.33,77,100,12.19,overcast clouds
432,Jumla,NP,29.2747,82.1838,49.42,39,0,3.67,clear sky
433,Adelaide,AU,-34.9333,138.6,69.01,55,20,3.44,few clouds
434,Ukiah,US,39.1502,-123.2078,55.4,47,75,11.5,broken clouds
435,Kavieng,PG,-2.5744,150.7967,83.35,69,83,3.33,broken clouds
436,Lazaro Cardenas,MX,17.9583,-102.2,79.36,65,100,7.38,overcast clouds
437,Hvolsvollur,IS,63.7533,-20.2243,36.0,93,8,1.99,clear sky
438,Sumenep,ID,-7.0167,113.8667,84.29,67,16,11.79,few clouds
439,Shamkhal,RU,43.0596,47.3373,50.0,87,97,6.71,overcast clouds
440,Anchorage,US,61.2181,-149.9003,57.2,28,1,10.36,clear sky
441,Banjarmasin,ID,-3.3244,114.591,80.6,83,20,3.44,few clouds
442,Naze,JP,28.3667,129.4833,75.2,60,75,14.97,broken clouds
443,Torbay,CA,47.6666,-52.7314,42.01,65,1,13.8,clear sky
444,Ponta Delgada,PT,37.7333,-25.6667,59.0,82,75,10.36,broken clouds
445,Ulaanbaatar,MN,47.9077,106.8832,28.4,80,75,20.13,snow
446,Ballina,AU,-28.8667,153.5667,73.4,64,11,8.05,few clouds
447,Oussouye,SN,12.485,-16.5469,73.4,78,0,4.61,clear sky
448,Ucluelet,CA,48.9329,-125.5528,52.0,76,75,6.91,broken clouds
449,Nacala,MZ,-14.5428,40.6728,72.43,97,74,5.79,broken clouds
450,Hervey Bay,AU,-25.2986,152.8535,77.0,63,15,5.01,few clouds
451,Evensk,RU,61.95,159.2333,26.69,85,100,8.37,overcast clouds
452,Crateus,BR,-5.1783,-40.6775,72.86,86,73,1.05,broken clouds
453,Diglur,IN,18.55,77.6,88.95,29,38,5.41,scattered clouds
454,Miyako,JP,39.6367,141.9525,41.0,79,76,15.59,broken clouds
455,Karasjok,NO,69.4719,25.5112,33.8,75,90,4.61,overcast clouds
456,Lukulu,ZM,-14.3707,23.242,64.0,71,72,5.97,broken clouds
457,Bayan,CN,46.0833,127.4,54.99,25,100,5.95,overcast clouds
458,Berlevag,NO,70.8578,29.0864,30.02,84,99,14.56,overcast clouds
459,Tromso,NO,69.6496,18.957,32.0,93,75,5.75,light snow
460,Bairiki,KI,1.3292,172.9752,78.8,89,75,6.91,light rain
461,Filingue,NE,14.3521,3.3168,89.98,19,9,2.84,clear sky
462,Jian,CN,27.1172,114.9793,63.43,88,100,3.6,overcast clouds
463,Tibu,CO,8.639,-72.7358,78.04,85,60,1.7,broken clouds
464,Saryg-Sep,RU,51.5,95.6,32.76,61,21,1.28,few clouds
465,Nandyal,IN,15.4833,78.4833,80.98,51,79,3.91,broken clouds
466,Bilibino,RU,68.0546,166.4372,22.46,79,100,3.06,overcast clouds
467,Vao,NC,-22.6667,167.4833,74.46,69,62,15.43,broken clouds
468,Freeport,US,40.6576,-73.5832,57.99,62,1,6.89,clear sky
469,Ketchikan,US,55.3422,-131.6461,60.8,29,1,11.5,clear sky
470,Minab,IR,27.1467,57.0801,69.8,64,92,4.61,haze
471,Arkhara,RU,49.4212,130.0842,50.07,32,100,7.38,overcast clouds
472,Burnie,AU,-41.0667,145.9167,60.01,62,13,13.0,few clouds
473,Prince Rupert,CA,54.3161,-130.3201,59.0,31,1,9.22,clear sky
474,Michigan City,US,41.7075,-86.895,37.99,75,40,10.49,scattered clouds
475,Komsomolskiy,UZ,40.4272,71.7189,60.8,44,0,9.22,clear sky
476,Los Llanos De Aridane,ES,28.6585,-17.9182,66.2,72,40,5.75,scattered clouds
477,Antalaha,MG,-14.9003,50.2788,71.98,89,100,5.7,overcast clouds
478,Mason City,US,43.1536,-93.201,44.6,65,40,16.11,scattered clouds
479,Iskateley,RU,67.6803,53.1512,36.48,93,100,6.4,overcast clouds
480,Novocherkassk,RU,47.4181,40.0939,46.4,61,20,8.95,moderate rain
481,Paamiut,GL,61.994,-49.6678,36.37,96,100,4.5,light rain
482,Vila Franca Do Campo,PT,37.7167,-25.4333,59.0,82,75,10.36,broken clouds
483,Sungairaya,ID,0.7,108.9,83.37,72,12,3.71,few clouds
484,Laguna,US,38.421,-121.4238,61.0,55,40,10.36,scattered clouds
485,Taltal,CL,-25.4,-70.4833,62.6,82,0,4.18,clear sky
486,Zhuanghe,CN,39.7008,122.9911,58.82,39,100,5.39,overcast clouds
487,Port Blair,IN,11.6667,92.75,75.2,88,40,6.17,mist
488,Edd,ER,13.9297,41.6925,87.15,59,88,11.05,overcast clouds
489,Smithers,CA,54.7804,-127.1743,57.2,19,1,11.5,clear sky
490,Troitskoye,RU,52.9821,84.6757,37.51,73,100,5.7,overcast clouds
491,Basco,PH,20.4487,121.9702,75.96,67,69,19.04,broken clouds
492,Hansot,IN,21.5833,72.8,77.0,83,40,1.05,mist
493,Newport,GB,51.5877,-2.9984,43.0,78,11,1.01,few clouds
494,Boguchany,RU,58.3814,97.4531,35.17,93,100,7.2,light snow
495,Vanavara,RU,60.34,102.2797,33.28,80,59,11.27,broken clouds
496,Shihezi,CN,44.3,86.0333,47.43,24,100,4.36,overcast clouds
497,Salo,IT,45.6086,10.531,61.0,51,75,8.05,broken clouds
498,Yarada,IN,17.65,83.2667,80.6,94,40,3.44,mist
499,Nadterechnoye,RU,43.6227,45.3397,50.0,93,0,6.71,clear sky
500,Faisalabad,PK,31.4167,73.0833,77.95,21,0,4.12,clear sky
501,Esperance,AU,-33.8667,121.9,73.4,33,0,17.27,clear sky
502,San Patricio,US,28.017,-97.5169,77.0,78,75,11.5,broken clouds
503,Havoysund,NO,70.9963,24.6622,32.0,100,75,5.75,light snow
504,Doha,QA,25.2867,51.5333,81.0,73,8,4.61,clear sky
505,Plettenberg Bay,ZA,-34.0527,23.3716,64.18,72,100,3.49,overcast clouds
506,Bull Savanna,JM,17.8868,-77.5902,75.11,82,85,5.03,overcast clouds
507,Diego De Almagro,CL,-26.3667,-70.05,58.59,66,0,0.87,clear sky
508,Maniitsoq,GL,65.4167,-52.9,40.37,77,100,3.62,overcast clouds
509,Eisenberg,DE,50.9667,11.9,30.99,64,7,1.21,clear sky
510,Cootamundra,AU,-34.65,148.0333,63.0,57,0,1.99,clear sky
511,La Palma,US,33.8464,-118.0467,64.99,59,75,12.66,broken clouds
512,Bahir Dar,ET,11.5936,37.3908,61.81,86,100,7.49,moderate rain
513,Usuki,JP,33.1081,131.7878,57.2,41,0,14.97,clear sky
514,Rapid Valley,US,44.0625,-103.1463,57.99,50,40,8.05,scattered clouds
515,Bathsheba,BB,13.2167,-59.5167,78.8,65,40,14.97,scattered clouds
516,Boa Vista,BR,2.8197,-60.6733,80.6,83,75,2.3,broken clouds
517,Mocuba,MZ,-16.8392,36.9856,68.27,98,21,3.15,few clouds
518,Murgab,TM,37.4966,61.9714,64.4,59,0,4.61,clear sky
519,Zhangye,CN,38.9342,100.4517,42.64,21,100,5.21,overcast clouds
520,Novikovo,RU,51.1537,37.8879,38.62,75,100,1.23,light rain
521,Termoli,IT,41.9888,14.9895,53.37,77,15,5.57,few clouds
522,Yekaterinogradskaya,RU,43.7635,44.2317,48.2,93,90,4.47,overcast clouds
523,Hurghada,EG,27.2574,33.8129,73.4,35,0,1.28,clear sky
524,Betioky,MG,-23.7167,44.3833,66.94,86,0,3.62,clear sky
525,Armizonskoye,RU,55.9461,67.6736,42.75,91,42,6.89,scattered clouds
526,Whyalla,AU,-33.0333,137.5833,69.8,52,3,5.75,clear sky
527,Malaya Purga,RU,56.5567,53.0043,34.0,88,100,1.99,light snow
528,Moose Factory,CA,51.2585,-80.6094,26.6,59,1,3.44,clear sky
529,Poum,NC,-20.2333,164.0167,77.2,72,84,21.39,broken clouds
530,Weligama,LK,5.9667,80.4167,77.34,87,100,2.62,overcast clouds
531,Butea,RO,47.0667,26.9167,39.99,75,100,9.71,overcast clouds
532,Solnechnyy,RU,50.7214,136.6319,47.1,33,63,2.77,broken clouds
533,Sao Sebastiao,BR,-23.76,-45.4097,71.04,80,93,3.44,overcast clouds
534,Brezno,SK,48.8043,19.6363,28.0,46,5,1.01,clear sky
535,Terme,TR,41.2092,36.9739,50.0,87,75,2.3,moderate rain
536,Morgan City,US,29.6994,-91.2068,69.8,78,1,4.61,clear sky
537,Gushikawa,JP,26.3544,127.8686,75.2,60,20,11.5,few clouds
538,Rassvet,RU,46.8333,40.75,44.73,92,100,8.01,light rain
539,Grand Gaube,MU,-20.0064,57.6608,75.0,89,100,5.01,moderate rain
540,Lexington,US,37.9887,-84.4777,54.0,71,1,4.61,clear sky
541,Raudeberg,NO,61.9875,5.1352,37.0,75,2,8.59,clear sky
542,Lurgan,GB,54.4608,-6.3294,41.0,93,0,3.44,clear sky
543,Sinnamary,GF,5.3833,-52.95,77.56,89,100,9.8,overcast clouds
544,Madaba,JO,31.5833,35.6667,71.6,58,4,2.3,haze
545,La Peca,PE,-5.6111,-78.435,69.98,83,24,3.94,few clouds
546,Kenai,US,60.5544,-151.2583,57.2,33,1,8.05,clear sky
547,Beaverlodge,CA,55.2166,-119.4361,50.0,22,40,11.5,scattered clouds
548,Nioro,GM,13.35,-15.75,77.95,36,11,8.93,few clouds
549,Livingstonia,MW,-10.606,34.1063,62.76,88,64,1.63,broken clouds
550,Marigot,MF,18.0667,-63.0833,80.6,74,40,10.36,scattered clouds
551,Liaozhong,CN,41.5061,122.7242,62.6,25,0,6.71,clear sky
552,Imbituba,BR,-28.24,-48.6703,69.8,83,75,3.44,light rain
553,Minot,US,48.2325,-101.2963,41.0,65,90,11.5,overcast clouds
554,Helong,CN,42.5397,128.9972,58.42,25,26,3.13,scattered clouds
555,San Martin,AR,-33.081,-68.4681,62.6,55,0,3.44,clear sky
556,Mikhaylovka,RU,50.06,43.2379,40.57,56,100,2.68,overcast clouds
557,Fare,PF,-16.7,-151.0167,81.39,64,0,2.68,clear sky
558,San Quintin,MX,30.4833,-115.95,61.09,68,72,11.18,broken clouds
559,Huanren,CN,41.2647,125.3667,60.71,24,100,4.7,overcast clouds
560,Copperas Cove,US,31.1241,-97.9031,78.8,47,1,6.91,clear sky
561,Amapa,BR,1.0,-52.0,70.36,99,100,1.81,light rain
562,Coihueco,CL,-36.6167,-71.8333,57.2,77,0,3.44,clear sky
563,Grindavik,IS,63.8424,-22.4338,39.2,93,0,14.97,clear sky
564,Curanilahue,CL,-37.4667,-73.35,50.77,92,5,4.29,clear sky
565,Dzhebariki-Khaya,RU,62.2167,135.8,30.47,86,100,5.06,overcast clouds
566,Tuy Hoa,VN,13.0833,109.3,84.25,70,16,1.03,few clouds
567,Blyth,GB,55.1271,-1.5086,37.99,93,12,1.14,few clouds
568,Sao Gabriel Da Cachoeira,BR,-0.1303,-67.0892,75.16,96,100,0.96,overcast clouds
569,Rovaniemi,FI,66.5,25.7167,28.4,69,75,11.5,broken clouds
570,Leh,IN,34.1667,77.5833,30.47,36,0,2.53,clear sky
571,Noumea,NC,-22.2763,166.4572,77.0,69,40,13.8,scattered clouds
572,Acarau,BR,-2.8856,-40.12,77.72,80,6,8.93,clear sky
573,Korla,CN,41.7597,86.1469,49.73,21,26,3.74,scattered clouds
574,Campbellton,CA,48.0075,-66.6727,41.0,75,100,14.97,overcast clouds
575,Fort Nelson,CA,58.8053,-122.7002,57.2,17,75,5.75,broken clouds
576,Svetlaya,RU,46.5389,138.3297,42.03,44,4,7.18,clear sky
577,Mittagong,AU,-34.45,150.45,71.01,60,0,1.99,clear sky
578,Viesca,MX,25.35,-102.8,96.8,9,75,8.1,broken clouds
579,Jalu,LY,29.0331,21.5482,62.73,54,0,10.67,clear sky
580,Luziania,BR,-16.2525,-47.9503,69.8,83,75,3.44,broken clouds
581,Sompeta,IN,18.9333,84.6,81.54,66,74,9.55,broken clouds
582,Xingcheng,CN,40.6167,120.7167,59.65,30,96,6.55,overcast clouds
583,Vidim,RU,56.4088,103.1106,31.66,93,100,8.79,light snow
584,Sant Feliu De Guixols,ES,41.7833,3.0333,55.99,87,0,5.93,clear sky
585,Faya,SA,18.3851,42.4509,60.8,59,40,7.65,light rain
586,Hazorasp,UZ,41.3194,61.0742,55.4,38,0,4.61,clear sky
587,Sur,OM,22.5667,59.5289,83.17,43,10,7.25,clear sky
588,Tarakan,ID,3.3,117.6333,86.0,79,75,6.91,broken clouds
589,Yar-Sale,RU,66.8333,70.8333,33.15,99,100,12.26,overcast clouds
590,Goshen,US,41.5823,-85.8344,39.2,65,1,5.75,clear sky
591,Wakema,MM,16.6,95.1833,82.02,70,100,5.55,overcast clouds
592,Capao Da Canoa,BR,-29.7456,-50.0097,65.86,75,100,9.26,overcast clouds
593,Marrakesh,MA,31.6315,-8.0083,60.8,63,40,5.75,scattered clouds
594,Hershey,US,40.2859,-76.6503,60.8,36,75,18.41,broken clouds
595,Cap Malheureux,MU,-19.9842,57.6142,75.0,89,100,5.99,moderate rain
596,Baturaja,ID,-4.1333,104.1667,78.31,84,77,2.84,broken clouds
597,Ovsyanka,RU,55.9575,92.5519,42.8,36,0,11.18,light snow
598,Vallenar,CL,-28.5708,-70.7581,61.16,77,2,3.44,clear sky
599,Tateyama,JP,34.9833,139.8667,55.4,35,0,17.27,clear sky
600,Rudsar,IR,37.1376,50.288,57.2,94,0,2.3,clear sky
601,Gazojak,TM,41.1875,61.4036,64.98,22,0,14.25,clear sky
602,Bahia Blanca,AR,-38.7196,-62.2724,56.62,70,0,6.04,clear sky
603,Parintins,BR,-2.6283,-56.7358,75.0,95,100,1.77,light rain
604,Liuhe,CN,42.2401,125.7172,59.49,21,100,5.21,overcast clouds
605,Guatire,VE,10.4762,-66.5427,80.6,78,40,1.14,scattered clouds
606,Kaeo,NZ,-35.1,173.7833,64.99,75,17,1.01,few clouds
607,Shimizu,JP,43.0061,142.8847,41.0,36,20,10.36,few clouds
608,Ulaangom,MN,49.9811,92.0667,32.29,42,0,5.48,clear sky
609,Imeni Stepana Razina,RU,54.8932,44.2963,33.51,78,5,13.82,clear sky
610,Wangjing,IN,24.6,94.0333,66.2,88,20,1.5,mist
611,Samarai,PG,-10.6167,150.6667,85.14,69,59,11.54,broken clouds
612,Pavlodolskaya,RU,43.7192,44.4781,48.2,93,100,4.47,overcast clouds
613,Zorritos,PE,-3.6805,-80.6782,74.91,82,100,5.73,overcast clouds
614,Chitral,PK,35.8462,71.7858,56.68,41,3,7.05,clear sky
615,Launceston,AU,-41.45,147.1667,64.99,55,16,11.5,few clouds
616,Requena,ES,39.4883,-1.1004,57.0,84,100,7.0,moderate rain
617,Lagunas,PE,-5.2269,-75.6753,79.83,78,100,0.98,overcast clouds
618,Shimoda,JP,34.6667,138.95,57.2,41,20,19.57,few clouds
619,Barguzin,RU,53.6167,109.6167,33.89,88,100,7.09,overcast clouds
620,Maragogi,BR,-9.0122,-35.2225,77.74,83,36,6.29,scattered clouds
621,Zholymbet,KZ,51.7433,71.7122,48.4,74,100,11.34,overcast clouds
622,Beloha,MG,-25.1667,45.05,70.43,74,0,5.86,clear sky
623,Rengo,CL,-34.4167,-70.8667,55.4,71,0,2.3,clear sky
624,Mastic Beach,US,40.7668,-72.8521,52.0,71,1,3.44,clear sky
625,Pangnirtung,CA,66.1451,-65.7125,30.67,85,96,4.74,overcast clouds
626,Deer Lake,CA,49.1667,-57.4316,32.0,80,1,3.44,clear sky
627,Taixing,CN,32.1667,120.0136,71.01,59,46,10.02,scattered clouds
628,Koumac,NC,-20.5667,164.2833,77.85,69,74,15.75,broken clouds
629,Quzhou,CN,28.9594,118.8686,66.87,84,93,5.39,overcast clouds
630,Dubna,RU,56.7333,37.1667,32.49,85,100,10.76,overcast clouds
631,Labuhan,ID,-6.8844,112.2051,81.19,78,0,10.25,clear sky
632,Itapeva,BR,-23.9822,-48.8756,66.18,65,99,2.86,overcast clouds
633,Bogdanovich,RU,56.7803,62.0494,37.87,75,7,11.45,clear sky
634,Chimbote,PE,-9.0853,-78.5783,66.22,86,7,7.63,clear sky
635,Amuntai,ID,-2.4177,115.2494,85.55,64,33,2.86,light rain
636,Zapolyarnyy,RU,69.4154,30.8136,24.8,74,40,3.44,scattered clouds
637,Visby,SE,57.6409,18.296,35.6,75,40,14.97,scattered clouds
638,Port Arthur,CN,38.8,121.2667,60.8,41,0,8.95,clear sky
639,Chicama,PE,-7.8447,-79.1469,64.4,88,14,12.66,few clouds
640,Luganville,VU,-15.5333,167.1667,84.42,74,72,6.82,broken clouds
641,Fort Pierce,US,27.4467,-80.3256,80.01,73,90,4.61,overcast clouds
642,Dunedin,NZ,-45.8742,170.5036,62.01,33,50,25.01,scattered clouds
643,Mogzon,RU,51.7435,111.9606,35.37,99,100,4.03,overcast clouds
644,Itarantim,BR,-15.6597,-40.0656,70.72,92,63,2.06,broken clouds
645,Gibara,CU,21.1097,-76.1317,80.6,78,75,9.22,broken clouds
646,Bograd,RU,54.2344,90.8328,39.2,56,0,2.24,clear sky
647,Timizart,DZ,36.8,4.2667,62.11,50,46,9.24,scattered clouds
648,Sheltozero,RU,61.3667,35.3667,34.57,97,100,4.7,overcast clouds
649,Victor Harbor,AU,-35.5667,138.6167,62.01,79,2,1.01,clear sky
650,Maebaru,JP,33.55,130.2,64.0,25,0,9.22,clear sky
651,Baykit,RU,61.67,96.37,30.34,72,15,4.99,few clouds
652,Jawhar,SO,2.7809,45.5005,79.45,80,100,6.67,overcast clouds
653,Mehamn,NO,71.0357,27.8492,32.05,84,98,8.95,light snow
654,Olafsvik,IS,64.8945,-23.7142,39.2,89,7,14.23,clear sky
655,Itarema,BR,-2.9248,-39.9167,77.41,80,7,8.16,clear sky
656,Bukachacha,RU,52.9833,116.9167,45.73,43,100,9.78,light rain
657,Port Hardy,CA,50.6996,-127.4199,51.8,82,75,3.44,light rain
658,Kalanguy,RU,51.0167,116.5167,50.59,64,100,14.88,overcast clouds
659,Scottsbluff,US,41.8666,-103.6672,69.8,28,1,6.91,clear sky
660,Talas,TR,38.6908,35.5538,53.6,66,75,3.44,light rain
661,Give,DK,55.8398,9.25,35.01,80,8,1.14,clear sky
662,Balikpapan,ID,-1.2675,116.8289,80.96,78,65,3.91,broken clouds
663,Kanbe,MM,16.7053,96.0017,82.4,83,40,3.44,scattered clouds
664,Comodoro Rivadavia,AR,-45.8667,-67.5,53.6,76,0,3.44,clear sky
665,Payson,US,40.0444,-111.7321,57.0,58,75,17.27,broken clouds
666,Contramaestre,CU,20.2978,-76.2414,80.6,78,75,9.22,broken clouds
667,Tilichiki,RU,60.4667,166.1,31.24,95,100,5.73,overcast clouds
668,General Roca,AR,-39.0333,-67.5833,59.0,72,0,3.44,clear sky
669,Sidi Ali,DZ,36.0998,0.4206,58.62,89,100,15.84,overcast clouds
670,Batagay-Alyta,RU,67.8006,130.4114,27.03,78,100,3.11,overcast clouds
671,Banda Aceh,ID,5.5577,95.3222,81.07,73,97,5.41,overcast clouds
672,Biak,ID,-0.9131,122.8766,81.61,67,98,5.55,overcast clouds
673,Pangody,RU,65.85,74.4859,32.95,95,100,14.38,overcast clouds
674,Sept-Iles,CA,50.2001,-66.3821,41.0,70,40,8.05,scattered clouds
675,Canberra,AU,-35.2835,149.1281,57.99,54,5,4.61,clear sky
676,Krasnogorsk,RU,55.8225,37.3181,36.0,75,0,13.42,clear sky
677,Dudinka,RU,69.4058,86.1778,8.24,95,100,6.15,overcast clouds
678,Ouadda,CF,8.0777,22.4007,69.66,94,100,3.58,overcast clouds
